	TimeStamp	DispFrames
0	1409267841.0	19.2199997902
1	1409266471.0	13.6099998951
2	1409267005.0	24.0
3	1409264915.0	19.099998951
4	1409267490.0	19.6099998951
5	1409267078.0	25.390000104899997
6	1409266268.0	13.3900001049
7	1409265382.0	13.0
8	1409268151.0	24.0
9	1409266553.0	14.829999685299999
10	1409266214.0	13.0
11	1409268363.0	14.2199997902
12	1409268175.0	24.0
13	1409268358.0	14.2199997902
14	1409267745.0	24.0
15	1409266836.0	24.0
16	1409264920.0	18.2699992657
17	1409266620.0	19.1200008392
18	1409265688.0	15.4399995804
19	1409266538.0	14.2199997902
20	1409265249.0	15.0
21	1409264832.0	15.5600004196
22	1409267002.0	23.390000104899997
23	1409266987.0	24.0
24	1409264904.0	13.3900001049
25	1409265493.0	14.2199997902
26	1409267590.0	24.609999895100003
27	1409265435.0	13.3900001049
28	1409266524.0	18.4399995804
29	1409266054.0	13.0
30	1409265366.0	13.0
31	1409265309.0	14.170000314700001
32	1409265318.0	14.829999685299999
33	1409265948.0	13.0
34	1409267073.0	25.390000104899997
35	1409267286.0	25.0
36	1409268253.0	14.2199997902
37	1409266252.0	13.6099998951
38	1409268309.0	20.4899990559
39	1409268160.0	24.0
40	1409267922.0	24.0
41	1409266629.0	20.8799991608
42	1409267817.0	28.390000104899997
43	1409266510.0	14.0
44	1409264845.0	20.8799991608
45	1409267908.0	24.0
46	1409266508.0	15.4399995804
47	1409265713.0	15.829999685299999
48	1409266446.0	13.0
49	1409267957.0	24.0
50	1409266576.0	24.0
51	1409268070.0	24.0
52	1409265615.0	13.0
53	1409267924.0	24.0
54	1409267914.0	24.0
55	1409266732.0	24.0
56	1409265150.0	23.0499994755
57	1409264842.0	13.3900001049
58	1409266820.0	24.0
59	1409265431.0	13.0
60	1409267737.0	24.609999895100003
61	1409266344.0	16.2199997902
62	1409267486.0	23.659999370599998
63	1409267223.0	24.0
64	1409267791.0	24.0
65	1409267784.0	25.0
66	1409265120.0	20.099998951
67	1409264862.0	14.9500005245
68	1409266984.0	20.4899990559
69	1409267047.0	24.0
70	1409266815.0	24.0
71	1409264901.0	18.1200008392
72	1409267944.0	24.0
73	1409264950.0	19.7099988461
74	1409264990.0	20.8799991608
75	1409267831.0	20.9299986362
76	1409265323.0	14.2199997902
77	1409267162.0	27.390000104899997
78	1409265835.0	13.0
79	1409266112.0	13.0
80	1409267991.0	24.0
81	1409265279.0	15.170000314700001
82	1409267485.0	20.3900001049
83	1409266879.0	22.829999685300002
84	1409265934.0	13.0
85	1409265687.0	13.0
86	1409268179.0	24.0
87	1409267669.0	21.3900001049
88	1409266932.0	24.0
89	1409267680.0	23.0
90	1409267090.0	24.390000104899997
91	1409267824.0	24.7800002098
92	1409265067.0	15.9500005245
93	1409265569.0	14.5600004196
94	1409268003.0	24.0
95	1409265996.0	13.0
96	1409266013.0	13.0
97	1409266941.0	24.0
98	1409264923.0	13.0
99	1409267043.0	24.609999895100003
100	1409268214.0	20.4899990559
101	1409268169.0	24.0
102	1409266778.0	23.390000104899997
103	1409266844.0	25.2199997902
104	1409267502.0	30.0
105	1409265409.0	14.170000314700001
106	1409268002.0	24.0
107	1409266026.0	13.0
108	1409267087.0	24.609999895100003
109	1409267679.0	23.7800002098
110	1409266589.0	20.4899990559
111	1409265826.0	13.3900001049
112	1409266985.0	24.0
113	1409267637.0	25.0
114	1409265250.0	13.7800002098
115	1409268355.0	19.7300007343
116	1409265556.0	13.0
117	1409264895.0	19.7099988461
118	1409267431.0	27.4899990559
119	1409267071.0	25.0
120	1409265941.0	13.0
121	1409268030.0	24.0
122	1409265629.0	15.3900001049
123	1409265307.0	13.3900001049
124	1409266878.0	22.170000314699998
125	1409265867.0	13.0
126	1409267901.0	24.0
127	1409267185.0	23.7800002098
128	1409267299.0	25.0
129	1409265885.0	13.6099998951
130	1409266954.0	21.2699992657
131	1409265468.0	14.829999685299999
132	1409267029.0	24.609999895100003
133	1409266993.0	17.950000524500002
134	1409266073.0	13.6099998951
135	1409265999.0	13.0
136	1409264817.0	15.3400006294
137	1409267695.0	23.7800002098
138	1409267259.0	24.609999895100003
139	1409266990.0	24.0
140	1409265230.0	13.0
141	1409266276.0	13.0
142	1409264872.0	13.7800002098
143	1409265986.0	13.0
144	1409266961.0	24.0
145	1409265913.0	13.0
146	1409267966.0	24.0
147	1409265814.0	14.0
148	1409267483.0	23.1200008392
149	1409266714.0	20.8799991608
150	1409267036.0	24.0
151	1409266964.0	22.4399995804
152	1409265507.0	13.6099998951
153	1409264989.0	14.829999685299999
154	1409268324.0	20.099998951
155	1409265910.0	13.0
156	1409265847.0	13.0
157	1409267736.0	23.609999895100003
158	1409267384.0	23.2199997902
159	1409268053.0	24.0
160	1409265617.0	13.0
161	1409267157.0	26.099998951
162	1409266351.0	13.0
163	1409267466.0	23.0
164	1409265074.0	14.2199997902
165	1409267986.0	24.0
166	1409267929.0	24.0
167	1409265380.0	14.0
168	1409266079.0	13.0
169	1409265820.0	13.0
170	1409267819.0	21.1200008392
171	1409267869.0	24.0
172	1409267877.0	24.0
173	1409265341.0	13.6099998951
174	1409266904.0	24.390000104899997
175	1409266626.0	13.0
176	1409266627.0	13.0
177	1409267558.0	24.5600004196
178	1409266460.0	13.7800002098
179	1409267051.0	24.0
180	1409265639.0	14.5600004196
181	1409265205.0	13.3900001049
182	1409267686.0	24.0
183	1409268316.0	18.5100009441
184	1409268284.0	20.4899990559
185	1409266851.0	24.2199997902
186	1409265069.0	14.2199997902
187	1409264811.0	20.340000629400002
188	1409267664.0	20.3900001049
189	1409266986.0	24.0
190	1409266153.0	13.6099998951
191	1409267141.0	27.390000104899997
192	1409265763.0	14.6099998951
193	1409267118.0	24.609999895100003
194	1409265927.0	13.0
195	1409267074.0	25.0
196	1409266676.0	13.6099998951
197	1409267480.0	17.5600004196
198	1409267097.0	25.609999895100003
199	1409268108.0	24.0
200	1409267319.0	24.390000104899997
201	1409267065.0	24.609999895100003
202	1409268202.0	24.0
203	1409267760.0	24.0
204	1409267274.0	25.0
205	1409267813.0	26.609999895100003
206	1409266072.0	13.0
207	1409265750.0	13.3900001049
208	1409267769.0	24.390000104899997
209	1409265890.0	13.0
210	1409267738.0	24.390000104899997
211	1409265213.0	13.3900001049
212	1409267927.0	24.0
213	1409265680.0	13.7800002098
214	1409267935.0	24.0
215	1409266027.0	13.0
216	1409265456.0	13.0
217	1409267920.0	24.0
218	1409266643.0	14.2199997902
219	1409267617.0	24.609999895100003
220	1409266235.0	13.0
221	1409265729.0	16.0
222	1409268144.0	24.0
223	1409265103.0	13.0
224	1409267866.0	24.0
225	1409266834.0	25.0
226	1409267655.0	17.4399995804
227	1409267701.0	24.0
228	1409268121.0	24.0
229	1409265169.0	21.829999685300002
230	1409267030.0	24.390000104899997
231	1409267589.0	24.390000104899997
232	1409265284.0	14.7800002098
233	1409266802.0	24.0
234	1409267278.0	25.0
235	1409266886.0	23.609999895100003
236	1409266983.0	14.2199997902
237	1409267147.0	28.609999895100003
238	1409267306.0	24.0
239	1409267967.0	24.0
240	1409268307.0	13.0
241	1409267881.0	24.0
242	1409265904.0	13.0
243	1409267735.0	23.7800002098
244	1409265827.0	13.0
245	1409267468.0	25.5600004196
246	1409265630.0	13.7800002098
247	1409265459.0	13.7800002098
248	1409264945.0	19.7099988461
249	1409268278.0	14.0
250	1409265442.0	13.0
251	1409266466.0	13.3900001049
252	1409266433.0	14.2199997902
253	1409266434.0	16.2199997902
254	1409265313.0	14.0
255	1409268168.0	24.0
256	1409266410.0	13.3900001049
257	1409267052.0	24.0
258	1409267842.0	21.829999685300002
259	1409264879.0	13.6099998951
260	1409267032.0	24.0
261	1409265434.0	15.170000314700001
262	1409266346.0	13.0
263	1409264941.0	23.390000104899997
264	1409265962.0	13.0
265	1409268125.0	24.0
266	1409265979.0	13.0
267	1409266933.0	21.5600004196
268	1409268011.0	24.0
269	1409266694.0	20.4899990559
270	1409267326.0	25.0
271	1409266042.0	13.0
272	1409265408.0	14.829999685299999
273	1409265753.0	14.2199997902
274	1409268205.0	24.0
275	1409267976.0	24.0
276	1409267678.0	26.170000314699998
277	1409267144.0	20.7300007343
278	1409267094.0	24.390000104899997
279	1409266607.0	24.0
280	1409267845.0	24.0
281	1409265376.0	13.6099998951
282	1409266353.0	14.829999685299999
283	1409267767.0	24.609999895100003
284	1409265944.0	13.6099998951
285	1409268378.0	14.2199997902
286	1409265122.0	22.5600004196
287	1409265743.0	14.829999685299999
288	1409267713.0	24.390000104899997
289	1409268148.0	24.0
290	1409266905.0	24.0
291	1409268255.0	24.0
292	1409265085.0	20.319998741099997
293	1409268012.0	24.0
294	1409265573.0	14.2199997902
295	1409264867.0	14.5600004196
296	1409264783.0	15.3400006294
297	1409267723.0	26.0
298	1409267560.0	21.4399995804
299	1409267481.0	23.9299986362
300	1409268289.0	20.4899990559
301	1409265915.0	13.3900001049
302	1409266702.0	13.7800002098
303	1409265527.0	13.0
304	1409267360.0	24.390000104899997
305	1409264929.0	13.0
306	1409266828.0	18.340000629400002
307	1409266995.0	24.0
308	1409267582.0	24.609999895100003
309	1409267079.0	25.0
310	1409265035.0	20.8799991608
311	1409267788.0	25.609999895100003
312	1409264866.0	19.7300007343
313	1409268129.0	24.0
314	1409267846.0	24.0
315	1409265795.0	0.0
316	1409265033.0	13.3900001049
317	1409265829.0	13.7800002098
318	1409267982.0	24.0
319	1409265096.0	21.5600004196
320	1409265001.0	24.0
321	1409268224.0	20.4899990559
322	1409267192.0	28.170000314699998
323	1409265367.0	13.6099998951
324	1409267836.0	22.829999685300002
325	1409265686.0	13.0
326	1409267684.0	25.0
327	1409265447.0	13.0
328	1409266164.0	13.0
329	1409265524.0	13.3900001049
330	1409266883.0	24.0
331	1409266114.0	13.0
332	1409267518.0	24.340000629400002
333	1409264826.0	19.950000524500002
334	1409266264.0	13.0
335	1409265611.0	13.6099998951
336	1409266657.0	13.0
337	1409268295.0	23.390000104899997
338	1409266208.0	13.0
339	1409265700.0	13.3900001049
340	1409266049.0	13.0
341	1409268110.0	24.0
342	1409267557.0	27.7800002098
343	1409264914.0	13.0
344	1409268200.0	24.0
345	1409265433.0	15.4399995804
346	1409267895.0	24.0
347	1409267135.0	23.659999370599998
348	1409265255.0	13.0
349	1409265425.0	13.7800002098
350	1409265258.0	14.829999685299999
351	1409266303.0	14.2199997902
352	1409265533.0	14.2199997902
353	1409268246.0	24.0
354	1409266901.0	24.0
355	1409265936.0	13.6099998951
356	1409267635.0	24.390000104899997
357	1409268027.0	24.0
358	1409268313.0	14.2199997902
359	1409267640.0	24.609999895100003
360	1409267443.0	25.0
361	1409268112.0	24.0
362	1409264958.0	13.6099998951
363	1409267465.0	20.2699992657
364	1409267212.0	29.609999895100003
365	1409266403.0	14.829999685299999
366	1409265602.0	13.6099998951
367	1409266412.0	13.0
368	1409266467.0	13.0
369	1409266485.0	14.3900001049
370	1409265606.0	13.0
371	1409264888.0	13.0
372	1409266066.0	13.3900001049
373	1409265812.0	13.6099998951
374	1409267214.0	22.5600004196
375	1409265610.0	13.0
376	1409265362.0	13.0
377	1409267789.0	25.390000104899997
378	1409265440.0	14.170000314700001
379	1409268182.0	24.0
380	1409268235.0	24.0
381	1409265684.0	15.7800002098
382	1409265451.0	13.0
383	1409264854.0	14.2199997902
384	1409266981.0	19.7300007343
385	1409266645.0	19.7300007343
386	1409265542.0	13.0
387	1409267461.0	23.829999685300002
388	1409265892.0	13.0
389	1409265946.0	13.0
390	1409265062.0	18.5100009441
391	1409265844.0	13.6099998951
392	1409265640.0	13.0
393	1409265414.0	14.5600004196
394	1409266128.0	13.0
395	1409266839.0	25.2199997902
396	1409266771.0	24.0
397	1409265857.0	13.0
398	1409265478.0	15.4399995804
399	1409266057.0	13.0
400	1409265517.0	13.0
401	1409264973.0	13.3900001049
402	1409267290.0	24.0
403	1409267077.0	25.609999895100003
404	1409265082.0	15.3400006294
405	1409265174.0	19.8799991608
406	1409268333.0	13.6099998951
407	1409265893.0	13.6099998951
408	1409266223.0	13.6099998951
409	1409267923.0	24.0
410	1409268204.0	24.390000104899997
411	1409266746.0	24.0
412	1409267722.0	25.2199997902
413	1409268377.0	13.3900001049
414	1409268136.0	24.0
415	1409265191.0	24.390000104899997
416	1409268341.0	13.3900001049
417	1409265439.0	15.6099998951
418	1409266435.0	14.5600004196
419	1409267586.0	24.609999895100003
420	1409267516.0	23.0499994755
421	1409266207.0	13.0
422	1409265646.0	13.0
423	1409265887.0	13.0
424	1409268274.0	20.4899990559
425	1409268354.0	20.099998951
426	1409266773.0	24.390000104899997
427	1409267310.0	24.609999895100003
428	1409265553.0	14.829999685299999
429	1409265583.0	14.2199997902
430	1409266229.0	13.0
431	1409266584.0	20.8799991608
432	1409268221.0	23.390000104899997
433	1409267105.0	25.0
434	1409267271.0	25.0
435	1409266697.0	16.5100009441
436	1409267176.0	27.099998951
437	1409268367.0	13.0
438	1409266017.0	13.0
439	1409266500.0	14.170000314700001
440	1409268264.0	21.2699992657
441	1409267614.0	24.390000104899997
442	1409265359.0	16.8299996853
443	1409267167.0	27.7800002098
444	1409267759.0	24.390000104899997
445	1409266061.0	13.0
446	1409267026.0	24.0
447	1409267571.0	25.2699992657
448	1409266259.0	13.0
449	1409267313.0	25.390000104899997
450	1409265157.0	24.0
451	1409267059.0	22.4399995804
452	1409266393.0	14.2199997902
453	1409267522.0	28.390000104899997
454	1409265960.0	13.3900001049
455	1409266209.0	13.6099998951
456	1409267909.0	24.0
457	1409264940.0	19.7099988461
458	1409267415.0	20.2199997902
459	1409267704.0	24.390000104899997
460	1409264909.0	13.0
461	1409267897.0	24.0
462	1409265231.0	13.6099998951
463	1409266968.0	23.390000104899997
464	1409266801.0	24.0
465	1409267264.0	25.0
466	1409267808.0	23.9500005245
467	1409266327.0	13.0
468	1409265193.0	18.5100009441
469	1409267126.0	29.0499994755
470	1409266946.0	24.0
471	1409266430.0	13.3900001049
472	1409267235.0	24.0
473	1409266567.0	15.7300007343
474	1409265215.0	13.6099998951
475	1409268306.0	14.5600004196
476	1409267832.0	27.829999685300002
477	1409266681.0	19.1200008392
478	1409267218.0	25.390000104899997
479	1409265872.0	13.3900001049
480	1409266258.0	13.0
481	1409264828.0	13.6099998951
482	1409266425.0	14.3900001049
483	1409266554.0	20.8799991608
484	1409268299.0	20.4899990559
485	1409267473.0	26.340000629400002
486	1409266378.0	14.829999685299999
487	1409267584.0	25.2199997902
488	1409266040.0	13.0
489	1409266402.0	13.3900001049
490	1409266996.0	24.0
491	1409265871.0	13.6099998951
492	1409266682.0	14.7800002098
493	1409267634.0	24.609999895100003
494	1409268376.0	13.6099998951
495	1409265642.0	13.3900001049
496	1409266683.0	14.6099998951
497	1409268364.0	20.4899990559
498	1409268362.0	13.3900001049
499	1409266796.0	24.0
500	1409268074.0	24.0
501	1409265772.0	13.0
502	1409268206.0	24.0
503	1409265865.0	9.95000052452
504	1409265036.0	22.170000314699998
505	1409267173.0	24.5100009441
506	1409265666.0	13.0
507	1409267417.0	28.2199997902
508	1409266298.0	14.6099998951
509	1409267728.0	25.609999895100003
510	1409268195.0	24.0
511	1409266204.0	13.0
512	1409267442.0	24.609999895100003
513	1409265627.0	13.3900001049
514	1409264821.0	19.950000524500002
515	1409266809.0	21.2699992657
516	1409265239.0	14.170000314700001
517	1409265245.0	13.6099998951
518	1409267216.0	23.609999895100003
519	1409267675.0	21.0
520	1409268176.0	24.0
521	1409264922.0	15.3400006294
522	1409264994.0	15.4399995804
523	1409266267.0	13.6099998951
524	1409266665.0	15.7300007343
525	1409266448.0	14.829999685299999
526	1409264955.0	19.099998951
527	1409268320.0	15.3400006294
528	1409268326.0	14.7800002098
529	1409266980.0	24.0
530	1409265021.0	22.170000314699998
531	1409266286.0	13.0
532	1409264903.0	13.6099998951
533	1409266527.0	13.0
534	1409266654.0	18.4399995804
535	1409267658.0	23.9500005245
536	1409265681.0	13.6099998951
537	1409266857.0	24.0
538	1409267885.0	24.0
539	1409266655.0	16.340000629400002
540	1409265860.0	13.0
541	1409266106.0	13.0
542	1409265173.0	18.5100009441
543	1409267355.0	24.390000104899997
544	1409267705.0	24.609999895100003
545	1409265404.0	14.7800002098
546	1409267182.0	29.0
547	1409267054.0	22.4399995804
548	1409265894.0	13.3900001049
549	1409267588.0	25.0
550	1409267080.0	25.0
551	1409265110.0	19.7099988461
552	1409267221.0	24.609999895100003
553	1409268076.0	24.0
554	1409265518.0	14.2199997902
555	1409268373.0	14.0
556	1409267647.0	24.609999895100003
557	1409267807.0	26.609999895100003
558	1409267111.0	25.2199997902
559	1409265967.0	13.3900001049
560	1409265648.0	15.4399995804
561	1409266437.0	13.3900001049
562	1409266913.0	21.5600004196
563	1409268372.0	14.3900001049
564	1409266503.0	14.2199997902
565	1409266256.0	13.0
566	1409266688.0	14.2199997902
567	1409266588.0	14.2199997902
568	1409265378.0	14.2199997902
569	1409266825.0	24.0
570	1409265134.0	16.049999475499998
571	1409266338.0	14.2199997902
572	1409265312.0	13.6099998951
573	1409267636.0	24.609999895100003
574	1409265192.0	24.0
575	1409267594.0	25.0
576	1409265745.0	13.7800002098
577	1409265489.0	13.7800002098
578	1409266011.0	13.0
579	1409265004.0	15.4399995804
580	1409267063.0	24.0
581	1409265270.0	13.3900001049
582	1409265486.0	13.0
583	1409265767.0	13.3900001049
584	1409267374.0	25.390000104899997
585	1409267022.0	24.609999895100003
586	1409265201.0	14.5600004196
587	1409266198.0	13.0
588	1409266940.0	23.609999895100003
589	1409267532.0	28.170000314699998
590	1409265695.0	13.3900001049
591	1409267487.0	27.829999685300002
592	1409267390.0	20.049999475499998
593	1409268033.0	24.0
594	1409268288.0	14.2199997902
595	1409266892.0	24.0
596	1409264806.0	19.7300007343
597	1409265419.0	16.0
598	1409266719.0	20.8799991608
599	1409266404.0	16.0
600	1409266183.0	13.0
601	1409267397.0	29.0
602	1409265500.0	10.0
603	1409266107.0	13.0
604	1409266352.0	13.0
605	1409266310.0	13.7800002098
606	1409267129.0	20.3900001049
607	1409264841.0	17.5100009441
608	1409266871.0	24.0
609	1409267462.0	24.390000104899997
610	1409268347.0	13.0
611	1409265417.0	13.6099998951
612	1409264912.0	14.9500005245
613	1409265291.0	13.0
614	1409266060.0	13.3900001049
615	1409268007.0	24.0
616	1409267011.0	24.0
617	1409267294.0	24.390000104899997
618	1409268139.0	24.0
619	1409266640.0	19.1200008392
620	1409267839.0	16.340000629400002
621	1409265418.0	15.2199997902
622	1409267281.0	24.390000104899997
623	1409268115.0	24.0
624	1409265530.0	13.3900001049
625	1409267149.0	24.7800002098
626	1409267809.0	18.340000629400002
627	1409267755.0	24.609999895100003
628	1409268093.0	24.0
629	1409265696.0	13.0
630	1409267772.0	24.609999895100003
631	1409268020.0	24.0
632	1409265567.0	13.0
633	1409267761.0	24.0
634	1409267710.0	24.609999895100003
635	1409266468.0	14.2199997902
636	1409266823.0	20.340000629400002
637	1409265475.0	13.3900001049
638	1409267681.0	23.0
639	1409266413.0	14.2199997902
640	1409265564.0	13.7800002098
641	1409266806.0	24.0
642	1409265463.0	13.6099998951
643	1409265158.0	20.950000524500002
644	1409267139.0	21.3900001049
645	1409266965.0	24.0
646	1409268026.0	24.0
647	1409265038.0	13.0
648	1409266307.0	13.0
649	1409266056.0	13.0
650	1409264855.0	20.4899990559
651	1409267904.0	24.0
652	1409268317.0	13.7800002098
653	1409264935.0	17.8799991608
654	1409266903.0	24.609999895100003
655	1409267062.0	24.0
656	1409266786.0	24.0
657	1409267013.0	24.390000104899997
658	1409266818.0	19.7300007343
659	1409264885.0	19.099998951
660	1409266969.0	23.609999895100003
661	1409266625.0	15.7300007343
662	1409265516.0	13.3900001049
663	1409267775.0	24.609999895100003
664	1409265148.0	18.5100009441
665	1409266171.0	13.0
666	1409266228.0	13.0
667	1409268045.0	24.0
668	1409264887.0	14.170000314700001
669	1409266542.0	13.0
670	1409266902.0	24.0
671	1409266994.0	20.8799991608
672	1409267282.0	24.609999895100003
673	1409267758.0	24.609999895100003
674	1409268021.0	24.0
675	1409268001.0	24.0
676	1409268157.0	24.0
677	1409267706.0	25.0
678	1409268009.0	24.0
679	1409265811.0	13.0
680	1409265118.0	15.7300007343
681	1409266051.0	13.6099998951
682	1409268248.0	14.6099998951
683	1409266861.0	24.0
684	1409265716.0	13.0
685	1409266951.0	24.0
686	1409265006.0	24.609999895100003
687	1409266184.0	13.0
688	1409268147.0	24.0
689	1409267081.0	24.390000104899997
690	1409266944.0	23.2199997902
691	1409266998.0	17.7800002098
692	1409265773.0	14.2199997902
693	1409268061.0	24.0
694	1409265771.0	13.0
695	1409267694.0	25.0
696	1409265160.0	23.829999685300002
697	1409266215.0	13.6099998951
698	1409267715.0	25.2199997902
699	1409265974.0	13.6099998951
700	1409265321.0	13.0
701	1409265047.0	16.340000629400002
702	1409267892.0	24.0
703	1409265229.0	14.170000314700001
704	1409266869.0	25.0
705	1409265444.0	14.7800002098
706	1409267600.0	23.7800002098
707	1409267241.0	24.0
708	1409267116.0	24.609999895100003
709	1409264859.0	14.2199997902
710	1409264891.0	19.340000629400002
711	1409267432.0	29.7800002098
712	1409265899.0	13.0
713	1409265293.0	15.4399995804
714	1409268194.0	23.609999895100003
715	1409265390.0	16.1200008392
716	1409267815.0	19.2199997902
717	1409266196.0	13.0
718	1409265717.0	13.0
719	1409266925.0	24.0
720	1409267876.0	24.0
721	1409265089.0	13.0
722	1409265864.0	13.0
723	1409265320.0	13.0
724	1409267838.0	22.340000629400002
725	1409265833.0	13.6099998951
726	1409268236.0	24.0
727	1409265540.0	13.0
728	1409265923.0	13.3900001049
729	1409268040.0	24.0
730	1409267926.0	24.0
731	1409265364.0	14.170000314700001
732	1409267354.0	25.390000104899997
733	1409266666.0	13.0
734	1409265836.0	13.6099998951
735	1409265338.0	13.6099998951
736	1409265796.0	0.0
737	1409266711.0	20.340000629400002
738	1409268357.0	13.0
739	1409266318.0	14.2199997902
740	1409266858.0	22.7800002098
741	1409265616.0	13.0
742	1409265626.0	13.6099998951
743	1409267131.0	27.0499994755
744	1409265416.0	13.0
745	1409268103.0	24.0
746	1409267814.0	21.5100009441
747	1409264870.0	20.099998951
748	1409266949.0	22.829999685300002
749	1409265922.0	13.6099998951
750	1409266376.0	13.0
751	1409265372.0	13.0
752	1409265624.0	16.3900001049
753	1409266762.0	24.0
754	1409266350.0	15.3400006294
755	1409267795.0	17.1700003147
756	1409266539.0	20.4899990559
757	1409266978.0	14.829999685299999
758	1409265793.0	1.9500005245200003
759	1409267042.0	24.0
760	1409267492.0	28.2199997902
761	1409264816.0	20.5600004196
762	1409266758.0	20.340000629400002
763	1409267164.0	20.3900001049
764	1409265317.0	13.0
765	1409266367.0	13.0
766	1409266312.0	13.0
767	1409264898.0	13.3900001049
768	1409265731.0	13.0
769	1409264956.0	23.609999895100003
770	1409267606.0	24.390000104899997
771	1409264836.0	19.340000629400002
772	1409266317.0	13.0
773	1409266478.0	13.3900001049
774	1409265324.0	13.7800002098
775	1409266144.0	13.0
776	1409267855.0	24.0
777	1409267501.0	26.4899990559
778	1409267752.0	24.0
779	1409266415.0	14.5600004196
780	1409268267.0	24.0
781	1409266232.0	13.0
782	1409265855.0	13.0
783	1409267856.0	24.0
784	1409267882.0	24.0
785	1409265862.0	13.0
786	1409267507.0	27.659999370599998
787	1409265221.0	13.0
788	1409266686.0	15.5600004196
789	1409265331.0	13.0
790	1409265218.0	13.6099998951
791	1409265705.0	13.3900001049
792	1409266426.0	13.3900001049
793	1409267471.0	22.4399995804
794	1409266436.0	13.6099998951
795	1409266405.0	14.170000314700001
796	1409267960.0	24.0
797	1409266395.0	13.7800002098
798	1409267529.0	20.340000629400002
799	1409267382.0	23.8799991608
800	1409265290.0	13.7800002098
801	1409266887.0	24.0
802	1409265534.0	13.7800002098
803	1409265209.0	9.70999884605
804	1409267941.0	24.0
805	1409267058.0	21.5600004196
806	1409267641.0	24.390000104899997
807	1409266570.0	22.170000314699998
808	1409267341.0	24.390000104899997
809	1409266001.0	13.0
810	1409268042.0	24.0
811	1409267907.0	24.0
812	1409266492.0	13.3900001049
813	1409268336.0	20.950000524500002
814	1409266261.0	13.3900001049
815	1409267972.0	24.0
816	1409268170.0	24.0
817	1409265605.0	13.0
818	1409266765.0	24.0
819	1409268031.0	24.0
820	1409267463.0	22.7800002098
821	1409267040.0	24.0
822	1409268222.0	18.7300007343
823	1409266634.0	19.2699992657
824	1409266875.0	24.0
825	1409266537.0	13.3900001049
826	1409266102.0	13.0
827	1409265487.0	13.0
828	1409266301.0	13.0
829	1409265742.0	13.0
830	1409265242.0	13.0
831	1409266860.0	24.0
832	1409265665.0	13.7800002098
833	1409268084.0	24.0
834	1409264847.0	13.7800002098
835	1409266005.0	13.0
836	1409267308.0	25.0
837	1409267864.0	23.609999895100003
838	1409264968.0	16.7300007343
839	1409266074.0	13.3900001049
840	1409267136.0	27.2199997902
841	1409265805.0	13.7800002098
842	1409268023.0	23.390000104899997
843	1409267410.0	20.2199997902
844	1409266133.0	13.0
845	1409268350.0	16.5100009441
846	1409265243.0	14.829999685299999
847	1409267954.0	24.0
848	1409265593.0	14.829999685299999
849	1409266639.0	20.4899990559
850	1409266459.0	15.3900001049
851	1409268210.0	24.0
852	1409268047.0	24.0
853	1409265264.0	13.7800002098
854	1409266399.0	13.7800002098
855	1409264840.0	20.659999370599998
856	1409267575.0	22.390000104899997
857	1409265880.0	13.0
858	1409268171.0	24.0
859	1409266780.0	24.0
860	1409266396.0	13.6099998951
861	1409266775.0	24.390000104899997
862	1409266397.0	13.3900001049
863	1409265698.0	15.4399995804
864	1409267244.0	24.609999895100003
865	1409268249.0	20.4899990559
866	1409268167.0	24.0
867	1409268128.0	24.0
868	1409268048.0	24.0
869	1409266827.0	22.7800002098
870	1409265246.0	13.3900001049
871	1409265596.0	13.0
872	1409264948.0	13.3900001049
873	1409268228.0	14.6099998951
874	1409268184.0	24.0
875	1409267409.0	22.1200008392
876	1409267930.0	24.0
877	1409267237.0	24.0
878	1409267981.0	24.0
879	1409265228.0	14.829999685299999
880	1409266708.0	18.5600004196
881	1409265234.0	13.7800002098
882	1409266443.0	14.2199997902
883	1409268156.0	24.0
884	1409267252.0	24.0
885	1409264984.0	14.2199997902
886	1409264814.0	16.659999370599998
887	1409268062.0	24.0
888	1409266870.0	24.390000104899997
889	1409266034.0	13.0
890	1409266201.0	13.6099998951
891	1409264889.0	13.6099998951
892	1409267528.0	25.170000314699998
893	1409267510.0	17.680001258900003
894	1409267475.0	20.049999475499998
895	1409266897.0	24.0
896	1409267578.0	25.390000104899997
897	1409265783.0	14.2199997902
898	1409266659.0	20.8799991608
899	1409266407.0	13.3900001049
900	1409267304.0	25.0
901	1409265145.0	22.659999370599998
902	1409266795.0	24.0
903	1409266756.0	24.0
904	1409268177.0	24.0
905	1409266173.0	13.3900001049
906	1409266518.0	14.0
907	1409265499.0	11.170000314700001
908	1409265504.0	13.3900001049
909	1409268300.0	23.390000104899997
910	1409266315.0	14.170000314700001
911	1409266741.0	24.0
912	1409266266.0	13.0
913	1409265622.0	13.0
914	1409265623.0	15.4399995804
915	1409267003.0	18.7300007343
916	1409265678.0	14.829999685299999
917	1409267014.0	24.609999895100003
918	1409266621.0	14.170000314700001
919	1409266696.0	22.7800002098
920	1409265253.0	15.4399995804
921	1409267878.0	24.0
922	1409267536.0	20.8299996853
923	1409267517.0	26.829999685300002
924	1409266359.0	16.2199997902
925	1409265079.0	14.2199997902
926	1409265738.0	15.2199997902
927	1409267591.0	25.0
928	1409265845.0	13.3900001049
929	1409265476.0	13.0
930	1409264927.0	15.7300007343
931	1409267667.0	30.0
932	1409266920.0	24.0
933	1409266334.0	15.6099998951
934	1409267072.0	25.609999895100003
935	1409265579.0	13.7800002098
936	1409265918.0	13.0
937	1409265344.0	15.7800002098
938	1409266613.0	16.7800002098
939	1409268283.0	14.2199997902
940	1409267348.0	25.0
941	1409267121.0	19.8799991608
942	1409267253.0	24.0
943	1409264812.0	14.9500005245
944	1409265337.0	13.0
945	1409266447.0	13.0
946	1409265538.0	14.6099998951
947	1409267148.0	27.170000314699998
948	1409266022.0	13.0
949	1409265081.0	20.950000524500002
950	1409265869.0	13.0
951	1409267703.0	25.0
952	1409267449.0	17.2900011539
953	1409264921.0	19.7800002098
954	1409267556.0	25.4899990559
955	1409267100.0	25.0
956	1409266451.0	13.0
957	1409267727.0	25.390000104899997
958	1409265937.0	13.3900001049
959	1409267564.0	21.1700003147
960	1409266491.0	13.6099998951
961	1409265126.0	25.0
962	1409265740.0	13.3900001049
963	1409266916.0	24.0
964	1409264805.0	22.4399995804
965	1409266884.0	24.0
966	1409267156.0	18.8299996853
967	1409267865.0	24.0
968	1409268060.0	24.0
969	1409266595.0	22.7800002098
970	1409265762.0	13.6099998951
971	1409265514.0	13.7800002098
972	1409265765.0	13.0
973	1409265484.0	14.170000314700001
974	1409265199.0	18.4899990559
975	1409264831.0	20.340000629400002
976	1409265838.0	13.0
977	1409266731.0	24.0
978	1409265335.0	13.3900001049
979	1409267844.0	24.0
980	1409267207.0	29.390000104899997
981	1409265392.0	13.0
982	1409264949.0	13.0
983	1409266071.0	13.0
984	1409266720.0	24.0
985	1409268145.0	24.0
986	1409267995.0	24.0
987	1409265194.0	19.8799991608
988	1409268037.0	24.0
989	1409264985.0	21.099998951
990	1409265379.0	14.3900001049
991	1409266046.0	13.0
992	1409266175.0	13.0
993	1409268043.0	24.0
994	1409266855.0	24.0
995	1409266973.0	17.950000524500002
996	1409268143.0	24.0
997	1409265127.0	24.390000104899997
998	1409268285.0	24.0
999	1409266533.0	14.829999685299999
1000	1409266831.0	24.0
1001	1409266863.0	24.0
1002	1409265692.0	13.0
1003	1409264987.0	20.340000629400002
1004	1409264853.0	13.0
1005	1409265863.0	13.0
1006	1409265558.0	14.829999685299999
1007	1409267320.0	24.0
1008	1409265983.0	13.0
1009	1409267721.0	24.7800002098
1010	1409267973.0	24.0
1011	1409268094.0	24.0
1012	1409266126.0	13.0
1013	1409264939.0	13.0
1014	1409267456.0	25.829999685300002
1015	1409265481.0	13.0
1016	1409266519.0	20.099998951
1017	1409266094.0	13.0
1018	1409265041.0	22.170000314699998
1019	1409266281.0	13.0
1020	1409268146.0	24.0
1021	1409267811.0	25.659999370599998
1022	1409266577.0	18.5100009441
1023	1409264846.0	18.5100009441
1024	1409266432.0	13.3900001049
1025	1409268140.0	24.0
1026	1409264793.0	13.3900001049
1027	1409267937.0	24.0
1028	1409264830.0	21.2699992657
1029	1409265747.0	13.0
1030	1409267117.0	24.390000104899997
1031	1409266000.0	13.0
1032	1409265266.0	13.0
1033	1409268174.0	24.0
1034	1409266336.0	13.0
1035	1409265142.0	25.0
1036	1409265348.0	16.049999475499998
1037	1409266016.0	13.3900001049
1038	1409268356.0	14.5600004196
1039	1409267340.0	24.609999895100003
1040	1409265757.0	13.0
1041	1409264936.0	20.3900001049
1042	1409267104.0	25.390000104899997
1043	1409268082.0	24.0
1044	1409266302.0	13.0
1045	1409266062.0	13.0
1046	1409266082.0	13.3900001049
1047	1409265165.0	24.0
1048	1409267712.0	24.609999895100003
1049	1409266674.0	17.4399995804
1050	1409268251.0	14.5600004196
1051	1409267612.0	24.609999895100003
1052	1409264979.0	14.2199997902
1053	1409267620.0	24.609999895100003
1054	1409266368.0	13.6099998951
1055	1409266513.0	14.829999685299999
1056	1409267729.0	24.7800002098
1057	1409267110.0	24.390000104899997
1058	1409265817.0	13.0
1059	1409265427.0	13.3900001049
1060	1409265260.0	13.0
1061	1409264982.0	18.900001049
1062	1409265645.0	14.5600004196
1063	1409264913.0	13.0
1064	1409267267.0	25.0
1065	1409265661.0	13.6099998951
1066	1409265288.0	15.4399995804
1067	1409265858.0	13.6099998951
1068	1409267102.0	26.0
1069	1409267261.0	24.0
1070	1409267195.0	22.2199997902
1071	1409265958.0	13.0
1072	1409267391.0	24.4399995804
1073	1409264829.0	15.829999685299999
1074	1409267884.0	24.0
1075	1409268097.0	24.0
1076	1409265329.0	13.7800002098
1077	1409266929.0	23.2199997902
1078	1409265734.0	14.7800002098
1079	1409266008.0	13.6099998951
1080	1409266715.0	24.0
1081	1409265995.0	13.3900001049
1082	1409267998.0	24.0
1083	1409267523.0	24.340000629400002
1084	1409266270.0	13.0
1085	1409265780.0	13.0
1086	1409265549.0	14.3900001049
1087	1409265298.0	14.829999685299999
1088	1409265048.0	13.3900001049
1089	1409267780.0	24.609999895100003
1090	1409266520.0	20.340000629400002
1091	1409265943.0	13.0
1092	1409264897.0	14.3900001049
1093	1409265502.0	13.3900001049
1094	1409265177.0	22.170000314699998
1095	1409266597.0	13.0
1096	1409267900.0	24.0
1097	1409265787.0	13.0
1098	1409266423.0	14.2199997902
1099	1409266807.0	22.7800002098
1100	1409266723.0	24.0
1101	1409264802.0	16.5100009441
1102	1409265714.0	14.5600004196
1103	1409265236.0	13.0
1104	1409264881.0	17.900001049
1105	1409265052.0	15.7300007343
1106	1409268337.0	15.9500005245
1107	1409266774.0	24.609999895100003
1108	1409267203.0	24.7300007343
1109	1409268111.0	24.0
1110	1409268118.0	24.0
1111	1409266859.0	23.2199997902
1112	1409268134.0	24.0
1113	1409268223.0	15.3900001049
1114	1409268219.0	20.4899990559
1115	1409267719.0	24.7800002098
1116	1409265778.0	14.2199997902
1117	1409266963.0	21.5600004196
1118	1409265029.0	15.4399995804
1119	1409266514.0	14.7800002098
1120	1409265368.0	14.6099998951
1121	1409265528.0	13.6099998951
1122	1409266493.0	14.829999685299999
1123	1409268360.0	17.5100009441
1124	1409267538.0	26.7800002098
1125	1409264809.0	17.049999475499998
1126	1409267663.0	24.1200008392
1127	1409266770.0	24.0
1128	1409268280.0	22.7800002098
1129	1409267301.0	24.0
1130	1409266497.0	13.6099998951
1131	1409268153.0	23.390000104899997
1132	1409265984.0	13.0
1133	1409267596.0	24.390000104899997
1134	1409266677.0	13.3900001049
1135	1409267553.0	25.9500005245
1136	1409265217.0	13.0
1137	1409266181.0	13.3900001049
1138	1409267543.0	24.609999895100003
1139	1409267166.0	28.2199997902
1140	1409266867.0	24.390000104899997
1141	1409265715.0	13.0
1142	1409268161.0	24.0
1143	1409266078.0	13.0
1144	1409267947.0	24.0
1145	1409267273.0	25.0
1146	1409266742.0	24.0
1147	1409265720.0	13.7800002098
1148	1409266837.0	24.0
1149	1409266265.0	13.0
1150	1409265526.0	13.0
1151	1409265398.0	14.829999685299999
1152	1409265374.0	14.170000314700001
1153	1409266647.0	13.0
1154	1409268352.0	13.6099998951
1155	1409267754.0	24.390000104899997
1156	1409265030.0	21.2699992657
1157	1409265181.0	24.609999895100003
1158	1409265448.0	14.829999685299999
1159	1409266891.0	24.0
1160	1409266888.0	23.390000104899997
1161	1409265322.0	13.0
1162	1409268052.0	24.0
1163	1409266856.0	24.0
1164	1409266760.0	24.0
1165	1409267503.0	26.340000629400002
1166	1409266488.0	13.6099998951
1167	1409268260.0	24.0
1168	1409266623.0	14.829999685299999
1169	1409266776.0	24.0
1170	1409268321.0	13.0
1171	1409268064.0	23.609999895100003
1172	1409266934.0	22.4399995804
1173	1409266340.0	14.170000314700001
1174	1409267339.0	24.7800002098
1175	1409265112.0	20.950000524500002
1176	1409265964.0	13.0
1177	1409266692.0	13.6099998951
1178	1409265065.0	20.4899990559
1179	1409265568.0	15.4399995804
1180	1409265656.0	13.0
1181	1409265334.0	14.3900001049
1182	1409266125.0	13.0
1183	1409265415.0	13.0
1184	1409266787.0	24.0
1185	1409267965.0	24.0
1186	1409265959.0	13.6099998951
1187	1409267224.0	24.609999895100003
1188	1409266611.0	24.0
1189	1409265777.0	13.0
1190	1409266505.0	14.170000314700001
1191	1409266761.0	24.0
1192	1409264810.0	22.0499994755
1193	1409264946.0	24.609999895100003
1194	1409266499.0	16.0
1195	1409265843.0	13.7800002098
1196	1409267597.0	24.0
1197	1409267430.0	20.049999475499998
1198	1409267106.0	25.0
1199	1409265928.0	13.0
1200	1409265597.0	13.0
1201	1409266219.0	13.0
1202	1409266974.0	20.8799991608
1203	1409265488.0	14.2199997902
1204	1409266366.0	13.0
1205	1409266750.0	24.0
1206	1409268015.0	24.0
1207	1409267786.0	24.390000104899997
1208	1409265420.0	14.170000314700001
1209	1409266977.0	13.0
1210	1409267867.0	24.0
1211	1409265582.0	13.3900001049
1212	1409266356.0	13.0
1213	1409266249.0	13.0
1214	1409267277.0	25.0
1215	1409267093.0	25.0
1216	1409265358.0	14.6099998951
1217	1409267370.0	24.390000104899997
1218	1409267624.0	25.0
1219	1409267671.0	27.0499994755
1220	1409265383.0	15.4399995804
1221	1409265834.0	13.3900001049
1222	1409265226.0	13.3900001049
1223	1409264803.0	13.0
1224	1409264789.0	17.8799991608
1225	1409265874.0	13.0
1226	1409266506.0	13.0
1227	1409266846.0	24.0
1228	1409266703.0	14.2199997902
1229	1409265947.0	13.0
1230	1409267778.0	25.609999895100003
1231	1409268371.0	18.5100009441
1232	1409266273.0	13.0
1233	1409267457.0	28.2199997902
1234	1409265482.0	13.0
1235	1409267091.0	24.609999895100003
1236	1409265649.0	15.170000314700001
1237	1409268072.0	24.0
1238	1409268303.0	14.6099998951
1239	1409266833.0	24.609999895100003
1240	1409266361.0	13.0
1241	1409267519.0	22.609999895100003
1242	1409268220.0	24.0
1243	1409267123.0	24.7300007343
1244	1409265259.0	14.170000314700001
1245	1409264894.0	13.0
1246	1409266124.0	13.3900001049
1247	1409266544.0	20.4899990559
1248	1409267521.0	26.659999370599998
1249	1409267741.0	24.0
1250	1409266456.0	13.0
1251	1409267474.0	19.7300007343
1252	1409266463.0	14.829999685299999
1253	1409266724.0	24.0
1254	1409266134.0	13.0
1255	1409266596.0	16.5100009441
1256	1409267441.0	24.390000104899997
1257	1409266726.0	24.0
1258	1409265631.0	13.0
1259	1409267049.0	24.0
1260	1409265575.0	13.0
1261	1409266263.0	13.0
1262	1409267980.0	24.0
1263	1409267714.0	24.0
1264	1409267707.0	25.0
1265	1409267887.0	24.0
1266	1409265905.0	13.0
1267	1409267387.0	27.2199997902
1268	1409267178.0	26.340000629400002
1269	1409268117.0	24.0
1270	1409264926.0	21.1700003147
1271	1409266177.0	13.0
1272	1409266142.0	13.0
1273	1409265342.0	13.3900001049
1274	1409268100.0	24.0
1275	1409267934.0	24.0
1276	1409267933.0	24.0
1277	1409265732.0	13.0
1278	1409268263.0	19.7300007343
1279	1409267174.0	21.0
1280	1409268304.0	20.4899990559
1281	1409268163.0	24.0
1282	1409265373.0	14.829999685299999
1283	1409265240.0	13.0
1284	1409266295.0	14.5600004196
1285	1409266167.0	13.3900001049
1286	1409265267.0	13.0
1287	1409267800.0	21.7800002098
1288	1409266129.0	13.0
1289	1409266587.0	13.0
1290	1409266700.0	24.0
1291	1409267183.0	27.7800002098
1292	1409267604.0	24.390000104899997
1293	1409267622.0	25.0
1294	1409265393.0	14.2199997902
1295	1409267888.0	24.0
1296	1409267743.0	25.0
1297	1409266309.0	15.3900001049
1298	1409267137.0	28.0
1299	1409265022.0	16.7300007343
1300	1409266753.0	20.950000524500002
1301	1409265078.0	13.0
1302	1409266729.0	24.0
1303	1409265895.0	13.0
1304	1409265997.0	13.0
1305	1409265011.0	24.390000104899997
1306	1409266713.0	14.829999685299999
1307	1409268272.0	13.0
1308	1409266507.0	13.0
1309	1409264917.0	14.9500005245
1310	1409265178.0	16.7300007343
1311	1409266874.0	22.4399995804
1312	1409268038.0	24.0
1313	1409265987.0	13.6099998951
1314	1409265702.0	13.3900001049
1315	1409266441.0	13.6099998951
1316	1409264999.0	15.4399995804
1317	1409266454.0	15.6099998951
1318	1409266817.0	24.0
1319	1409266832.0	24.0
1320	1409266799.0	21.2699992657
1321	1409266442.0	13.3900001049
1322	1409266663.0	14.2199997902
1323	1409268130.0	24.0
1324	1409265776.0	13.0
1325	1409266899.0	24.0
1326	1409265691.0	13.0
1327	1409266919.0	21.659999370599998
1328	1409267359.0	25.7800002098
1329	1409266151.0	13.0
1330	1409266283.0	13.3900001049
1331	1409268126.0	24.0
1332	1409266137.0	13.6099998951
1333	1409264952.0	17.900001049
1334	1409265560.0	13.0
1335	1409265856.0	13.0
1336	1409265094.0	13.6099998951
1337	1409268331.0	14.9500005245
1338	1409268141.0	24.0
1339	1409266357.0	13.0
1340	1409266394.0	15.0
1341	1409265426.0	13.6099998951
1342	1409268006.0	24.0
1343	1409266646.0	14.5600004196
1344	1409268096.0	24.0
1345	1409267004.0	20.8799991608
1346	1409266202.0	13.3900001049
1347	1409265453.0	14.6099998951
1348	1409265969.0	13.0
1349	1409265238.0	15.2199997902
1350	1409265019.0	15.4399995804
1351	1409265113.0	15.3400006294
1352	1409267527.0	27.0
1353	1409267314.0	24.390000104899997
1354	1409265005.0	21.2699992657
1355	1409266314.0	15.2199997902
1356	1409267535.0	18.2199997902
1357	1409267153.0	25.0
1358	1409267276.0	25.0
1359	1409266628.0	14.829999685299999
1360	1409267215.0	22.2199997902
1361	1409267349.0	24.390000104899997
1362	1409265156.0	24.390000104899997
1363	1409266329.0	15.3900001049
1364	1409265919.0	13.0
1365	1409264835.0	20.659999370599998
1366	1409268025.0	24.0
1367	1409266401.0	13.6099998951
1368	1409265121.0	24.609999895100003
1369	1409266910.0	24.0
1370	1409264954.0	13.0
1371	1409265853.0	13.3900001049
1372	1409265407.0	13.0
1373	1409267531.0	26.8799991608
1374	1409265294.0	16.3900001049
1375	1409267579.0	25.0
1376	1409268192.0	24.0
1377	1409267189.0	18.900001049
1378	1409267903.0	24.0
1379	1409268227.0	17.900001049
1380	1409266930.0	24.0
1381	1409267872.0	24.0
1382	1409265891.0	13.0
1383	1409265673.0	15.4399995804
1384	1409265130.0	20.8799991608
1385	1409267311.0	24.390000104899997
1386	1409265807.0	13.6099998951
1387	1409266217.0	13.0
1388	1409266119.0	13.0
1389	1409267799.0	21.829999685300002
1390	1409267406.0	24.0499994755
1391	1409265248.0	14.2199997902
1392	1409265247.0	13.0
1393	1409266935.0	24.0
1394	1409266192.0	13.0
1395	1409264911.0	19.950000524500002
1396	1409265998.0	13.0
1397	1409264928.0	13.0
1398	1409267357.0	25.390000104899997
1399	1409265450.0	13.3900001049
1400	1409266976.0	16.900001049
1401	1409265051.0	21.5600004196
1402	1409264970.0	20.4899990559
1403	1409265598.0	14.829999685299999
1404	1409267659.0	22.609999895100003
1405	1409266958.0	15.7800002098
1406	1409265289.0	15.7800002098
1407	1409266882.0	24.0
1408	1409264825.0	21.049999475499998
1409	1409265693.0	16.049999475499998
1410	1409268191.0	24.0
1411	1409267163.0	23.340000629400002
1412	1409265026.0	22.7800002098
1413	1409268080.0	24.0
1414	1409266971.0	24.0
1415	1409265016.0	22.170000314699998
1416	1409265531.0	13.0
1417	1409268073.0	24.0
1418	1409267266.0	24.609999895100003
1419	1409268310.0	24.0
1420	1409266670.0	16.900001049
1421	1409267626.0	24.390000104899997
1422	1409266085.0	13.0
1423	1409266671.0	13.0
1424	1409265057.0	16.5100009441
1425	1409268359.0	19.8799991608
1426	1409267939.0	23.609999895100003
1427	1409265023.0	13.3900001049
1428	1409266743.0	20.950000524500002
1429	1409266972.0	22.170000314699998
1430	1409267202.0	28.609999895100003
1431	1409267122.0	26.659999370599998
1432	1409265907.0	13.6099998951
1433	1409267220.0	24.390000104899997
1434	1409267446.0	23.2199997902
1435	1409265010.0	21.8799991608
1436	1409267511.0	22.1499984264
1437	1409265185.0	24.0
1438	1409265803.0	0.0
1439	1409265608.0	14.6099998951
1440	1409265701.0	13.6099998951
1441	1409267444.0	24.390000104899997
1442	1409267095.0	24.609999895100003
1443	1409264848.0	13.0
1444	1409268150.0	24.0
1445	1409267316.0	24.390000104899997
1446	1409265574.0	13.7800002098
1447	1409265954.0	13.0
1448	1409267859.0	24.0
1449	1409267201.0	26.0499994755
1450	1409266025.0	13.0
1451	1409264868.0	13.0
1452	1409268138.0	24.0
1453	1409267546.0	23.390000104899997
1454	1409268120.0	24.0
1455	1409266501.0	13.0
1456	1409267394.0	19.950000524500002
1457	1409266945.0	24.0
1458	1409266445.0	13.7800002098
1459	1409266608.0	19.7300007343
1460	1409268106.0	24.0
1461	1409268005.0	24.0
1462	1409265909.0	13.0
1463	1409268014.0	24.0
1464	1409266288.0	13.0
1465	1409265014.0	15.4399995804
1466	1409265768.0	13.6099998951
1467	1409264908.0	13.0
1468	1409265202.0	7.510000944139999
1469	1409264916.0	19.950000524500002
1470	1409266140.0	13.0
1471	1409267309.0	24.390000104899997
1472	1409266411.0	13.0
1473	1409266083.0	13.0
1474	1409266387.0	13.0
1475	1409266569.0	20.8799991608
1476	1409267033.0	24.0
1477	1409265070.0	20.4899990559
1478	1409265114.0	13.6099998951
1479	1409265042.0	16.1200008392
1480	1409265360.0	15.5600004196
1481	1409266287.0	13.0
1482	1409268327.0	13.3900001049
1483	1409267495.0	20.659999370599998
1484	1409268010.0	24.0
1485	1409266781.0	23.390000104899997
1486	1409266053.0	13.0
1487	1409265883.0	13.0
1488	1409265141.0	24.609999895100003
1489	1409268374.0	19.4899990559
1490	1409266997.0	20.950000524500002
1491	1409267893.0	24.0
1492	1409267961.0	24.0
1493	1409265578.0	14.2199997902
1494	1409267685.0	24.390000104899997
1495	1409267497.0	27.0
1496	1409266988.0	22.170000314699998
1497	1409268075.0	24.0
1498	1409265748.0	14.829999685299999
1499	1409267210.0	24.4399995804
1500	1409268196.0	24.0
1501	1409265685.0	13.7800002098
1502	1409265200.0	18.950000524500002
1503	1409268366.0	15.3400006294
1504	1409265653.0	15.4399995804
1505	1409267570.0	20.2199997902
1506	1409265137.0	24.0
1507	1409268375.0	16.900001049
1508	1409265782.0	13.3900001049
1509	1409264965.0	20.7099988461
1510	1409267959.0	24.0
1511	1409266684.0	20.4899990559
1512	1409266438.0	14.829999685299999
1513	1409266323.0	14.829999685299999
1514	1409267484.0	20.6099998951
1515	1409265381.0	13.3900001049
1516	1409265326.0	13.0
1517	1409265477.0	13.0
1518	1409265394.0	14.3900001049
1519	1409265647.0	13.0
1520	1409267946.0	24.0
1521	1409265699.0	15.170000314700001
1522	1409267103.0	26.0
1523	1409268279.0	20.099998951
1524	1409267910.0	24.0
1525	1409265876.0	13.0
1526	1409266462.0	13.0
1527	1409265662.0	13.3900001049
1528	1409267766.0	24.390000104899997
1529	1409268063.0	23.390000104899997
1530	1409265428.0	14.829999685299999
1531	1409268164.0	24.0
1532	1409267670.0	22.829999685300002
1533	1409266826.0	24.0
1534	1409268028.0	24.0
1535	1409267291.0	24.609999895100003
1536	1409266580.0	20.340000629400002
1537	1409267731.0	24.390000104899997
1538	1409266131.0	13.6099998951
1539	1409266789.0	24.390000104899997
1540	1409265224.0	13.0
1541	1409264886.0	18.7300007343
1542	1409267472.0	27.659999370599998
1543	1409267794.0	21.340000629400002
1544	1409265758.0	14.829999685299999
1545	1409265669.0	15.3900001049
1546	1409267870.0	24.0
1547	1409265283.0	14.829999685299999
1548	1409265470.0	13.3900001049
1549	1409267508.0	28.170000314699998
1550	1409265675.0	15.3400006294
1551	1409264902.0	13.7800002098
1552	1409265522.0	13.0
1553	1409265460.0	13.0
1554	1409266661.0	13.0
1555	1409267066.0	24.390000104899997
1556	1409266551.0	13.3900001049
1557	1409264981.0	24.2199997902
1558	1409266745.0	24.0
1559	1409267858.0	24.0
1560	1409268083.0	24.0
1561	1409265220.0	13.3900001049
1562	1409267652.0	24.0
1563	1409268361.0	14.0
1564	1409265308.0	14.829999685299999
1565	1409265921.0	13.0
1566	1409266664.0	18.049999475499998
1567	1409267258.0	24.0
1568	1409266187.0	13.6099998951
1569	1409264851.0	20.950000524500002
1570	1409265718.0	15.4399995804
1571	1409267010.0	24.0
1572	1409266838.0	24.0
1573	1409266230.0	13.6099998951
1574	1409267674.0	21.7800002098
1575	1409266622.0	13.0
1576	1409265093.0	13.0
1577	1409266571.0	16.1200008392
1578	1409265854.0	13.0
1579	1409266002.0	13.6099998951
1580	1409267186.0	23.609999895100003
1581	1409266047.0	13.0
1582	1409267419.0	19.7800002098
1583	1409266546.0	13.3900001049
1584	1409265410.0	13.0
1585	1409266385.0	13.3900001049
1586	1409267336.0	24.390000104899997
1587	1409266989.0	22.829999685300002
1588	1409265509.0	13.0
1589	1409265119.0	13.6099998951
1590	1409267284.0	24.390000104899997
1591	1409266687.0	13.3900001049
1592	1409267386.0	24.829999685300002
1593	1409266117.0	13.3900001049
1594	1409268193.0	23.390000104899997
1595	1409265591.0	13.0
1596	1409266174.0	13.0
1597	1409267334.0	25.0
1598	1409265268.0	14.829999685299999
1599	1409264782.0	20.950000524500002
1600	1409268124.0	24.0
1601	1409267918.0	24.0
1602	1409265694.0	15.5600004196
1603	1409267852.0	24.0
1604	1409266767.0	24.0
1605	1409265916.0	13.0
1606	1409266737.0	24.0
1607	1409264967.0	22.5600004196
1608	1409265286.0	13.3900001049
1609	1409265786.0	13.0
1610	1409267803.0	21.1700003147
1611	1409265966.0	13.6099998951
1612	1409267344.0	25.0
1613	1409265210.0	13.3900001049
1614	1409266122.0	13.0
1615	1409266326.0	13.0
1616	1409265724.0	14.7800002098
1617	1409268286.0	22.170000314699998
1618	1409265989.0	13.0
1619	1409267753.0	24.609999895100003
1620	1409266793.0	20.950000524500002
1621	1409267665.0	24.8799991608
1622	1409268199.0	23.609999895100003
1623	1409266257.0	13.0
1624	1409266679.0	19.8799991608
1625	1409267801.0	22.2199997902
1626	1409266444.0	15.0
1627	1409268257.0	24.0
1628	1409265064.0	14.2199997902
1629	1409264794.0	17.8799991608
1630	1409266440.0	13.0
1631	1409266191.0	13.0
1632	1409268226.0	24.0
1633	1409266039.0	13.0
1634	1409266439.0	14.170000314700001
1635	1409265432.0	13.0
1636	1409266709.0	21.2699992657
1637	1409265387.0	13.0
1638	1409266699.0	20.8799991608
1639	1409267660.0	24.829999685300002
1640	1409265638.0	15.4399995804
1641	1409267861.0	24.0
1642	1409264833.0	13.3900001049
1643	1409266931.0	24.0
1644	1409267045.0	24.0
1645	1409266123.0	13.6099998951
1646	1409268250.0	19.7300007343
1647	1409265397.0	13.0
1648	1409265101.0	23.0
1649	1409266515.0	13.3900001049
1650	1409265815.0	13.3900001049
1651	1409266020.0	13.0
1652	1409266617.0	14.170000314700001
1653	1409266512.0	13.0
1654	1409265942.0	13.0
1655	1409265676.0	13.0
1656	1409267825.0	24.0
1657	1409265548.0	14.2199997902
1658	1409265884.0	13.0
1659	1409265241.0	13.0
1660	1409266154.0	13.3900001049
1661	1409268275.0	24.0
1662	1409267459.0	20.3900001049
1663	1409267217.0	25.2199997902
1664	1409265330.0	13.0
1665	1409267988.0	23.390000104899997
1666	1409266705.0	24.0
1667	1409267133.0	24.7300007343
1668	1409266162.0	13.0
1669	1409267017.0	24.0
1670	1409265644.0	16.6099998951
1671	1409267804.0	17.5600004196
1672	1409265386.0	13.0
1673	1409266788.0	24.609999895100003
1674	1409267977.0	24.0
1675	1409265952.0	13.6099998951
1676	1409266633.0	14.2199997902
1677	1409265135.0	22.2699992657
1678	1409265515.0	13.6099998951
1679	1409267279.0	24.390000104899997
1680	1409264869.0	13.6099998951
1681	1409266906.0	24.0
1682	1409266649.0	20.2699992657
1683	1409266316.0	13.0
1684	1409268319.0	17.8299996853
1685	1409266523.0	14.829999685299999
1686	1409267587.0	25.0
1687	1409264993.0	13.7800002098
1688	1409264827.0	14.9500005245
1689	1409265957.0	13.0
1690	1409265878.0	13.6099998951
1691	1409266736.0	24.0
1692	1409265437.0	13.0
1693	1409266225.0	13.0
1694	1409266417.0	13.6099998951
1695	1409267765.0	24.609999895100003
1696	1409266305.0	14.5600004196
1697	1409266810.0	24.0
1698	1409267263.0	25.0
1699	1409266979.0	20.8799991608
1700	1409267630.0	24.609999895100003
1701	1409268346.0	13.0
1702	1409267272.0	25.0
1703	1409265571.0	13.3900001049
1704	1409266880.0	23.390000104899997
1705	1409265400.0	13.3900001049
1706	1409267312.0	25.2199997902
1707	1409265924.0	13.0
1708	1409268258.0	18.5100009441
1709	1409268049.0	24.0
1710	1409266479.0	16.659999370599998
1711	1409266970.0	24.0
1712	1409265752.0	13.0
1713	1409265319.0	14.170000314700001
1714	1409264995.0	21.2699992657
1715	1409265003.0	15.3400006294
1716	1409267283.0	25.0
1717	1409266341.0	13.0
1718	1409267254.0	24.0
1719	1409267958.0	24.0
1720	1409265868.0	13.0
1721	1409266422.0	13.3900001049
1722	1409266494.0	14.7800002098
1723	1409267505.0	19.4399995804
1724	1409264871.0	18.5100009441
1725	1409267435.0	20.2699992657
1726	1409267064.0	24.0
1727	1409266959.0	20.4899990559
1728	1409266194.0	13.6099998951
1729	1409267190.0	16.2199997902
1730	1409265109.0	13.3900001049
1731	1409264962.0	22.5600004196
1732	1409267551.0	23.8799991608
1733	1409265706.0	13.0
1734	1409266481.0	13.3900001049
1735	1409267323.0	25.609999895100003
1736	1409266784.0	24.0
1737	1409267400.0	21.829999685300002
1738	1409267251.0	24.0
1739	1409265917.0	13.0
1740	1409267478.0	25.170000314699998
1741	1409268351.0	13.0
1742	1409265672.0	13.0
1743	1409267689.0	24.390000104899997
1744	1409267541.0	24.0
1745	1409267450.0	17.8799991608
1746	1409268349.0	19.2699992657
1747	1409267403.0	26.7800002098
1748	1409264938.0	13.0
1749	1409266384.0	14.3900001049
1750	1409265590.0	13.0
1751	1409265233.0	14.2199997902
1752	1409265163.0	20.1200008392
1753	1409267322.0	25.0
1754	1409265760.0	13.0
1755	1409265981.0	13.6099998951
1756	1409267380.0	19.7300007343
1757	1409267413.0	24.5100009441
1758	1409267248.0	24.0
1759	1409267592.0	25.0
1760	1409265809.0	13.3900001049
1761	1409266749.0	20.8799991608
1762	1409266304.0	16.2199997902
1763	1409265027.0	16.5100009441
1764	1409265566.0	13.0
1765	1409266075.0	13.0
1766	1409267661.0	27.2199997902
1767	1409266739.0	21.659999370599998
1768	1409266911.0	24.0
1769	1409268208.0	19.7300007343
1770	1409266536.0	13.6099998951
1771	1409265139.0	16.659999370599998
1772	1409264896.0	18.5100009441
1773	1409268240.0	22.170000314699998
1774	1409267060.0	24.0
1775	1409266748.0	19.1200008392
1776	1409267905.0	24.0
1777	1409268185.0	24.0
1778	1409265710.0	13.0
1779	1409264857.0	15.7300007343
1780	1409265975.0	13.3900001049
1781	1409268213.0	17.340000629400002
1782	1409266960.0	24.0
1783	1409267445.0	22.7800002098
1784	1409267379.0	24.390000104899997
1785	1409265088.0	13.0
1786	1409266148.0	13.0
1787	1409267549.0	20.340000629400002
1788	1409266759.0	21.659999370599998
1789	1409265992.0	13.0
1790	1409267879.0	24.0
1791	1409268201.0	24.0
1792	1409267942.0	24.0
1793	1409266876.0	24.0
1794	1409266757.0	24.0
1795	1409265926.0	13.0
1796	1409266695.0	24.0
1797	1409265232.0	13.3900001049
1798	1409267337.0	24.609999895100003
1799	1409266237.0	13.0
1800	1409265901.0	13.3900001049
1801	1409265634.0	16.0
1802	1409266766.0	24.0
1803	1409266431.0	13.6099998951
1804	1409265535.0	13.0
1805	1409266241.0	13.0
1806	1409267653.0	24.0
1807	1409266769.0	22.0499994755
1808	1409266561.0	15.9500005245
1809	1409265652.0	13.3900001049
1810	1409266540.0	20.950000524500002
1811	1409266541.0	15.3400006294
1812	1409266349.0	17.049999475499998
1813	1409266768.0	20.950000524500002
1814	1409266220.0	13.0
1815	1409267733.0	25.0
1816	1409268055.0	24.0
1817	1409265914.0	13.6099998951
1818	1409266231.0	13.3900001049
1819	1409267776.0	24.390000104899997
1820	1409265151.0	25.0
1821	1409267533.0	26.390000104899997
1822	1409266952.0	22.7800002098
1823	1409267699.0	24.390000104899997
1824	1409265945.0	13.3900001049
1825	1409265741.0	13.0
1826	1409268137.0	24.0
1827	1409266565.0	24.0
1828	1409267000.0	24.0
1829	1409264779.0	17.2699992657
1830	1409265911.0	13.0
1831	1409266868.0	24.609999895100003
1832	1409266545.0	17.900001049
1833	1409266308.0	14.829999685299999
1834	1409265973.0	13.0
1835	1409264937.0	15.7300007343
1836	1409267816.0	25.4899990559
1837	1409265037.0	16.1200008392
1838	1409266185.0	13.0
1839	1409265837.0	13.3900001049
1840	1409267744.0	24.390000104899997
1841	1409265483.0	14.829999685299999
1842	1409265775.0	13.0
1843	1409265600.0	13.0
1844	1409268238.0	17.5600004196
1845	1409267398.0	25.9500005245
1846	1409268107.0	24.0
1847	1409265131.0	24.609999895100003
1848	1409267407.0	29.0499994755
1849	1409268066.0	24.0
1850	1409266135.0	13.0
1851	1409266279.0	13.0
1852	1409265099.0	14.2199997902
1853	1409265769.0	14.0
1854	1409265794.0	0.0
1855	1409266052.0	13.3900001049
1856	1409266172.0	13.6099998951
1857	1409267818.0	26.7800002098
1858	1409264883.0	13.0
1859	1409265168.0	21.5600004196
1860	1409267829.0	22.7800002098
1861	1409265413.0	15.829999685299999
1862	1409264800.0	23.0499994755
1863	1409266373.0	14.2199997902
1864	1409266614.0	20.8799991608
1865	1409265365.0	13.0
1866	1409265327.0	13.6099998951
1867	1409266937.0	24.0
1868	1409267363.0	25.609999895100003
1869	1409266962.0	24.0
1870	1409265072.0	15.3400006294
1871	1409267023.0	24.390000104899997
1872	1409265377.0	13.3900001049
1873	1409266033.0	13.0
1874	1409267902.0	24.0
1875	1409265282.0	13.0
1876	1409267514.0	20.1700003147
1877	1409265043.0	13.0
1878	1409266427.0	13.0
1879	1409266599.0	20.8799991608
1880	1409266227.0	13.0
1881	1409267912.0	24.0
1882	1409265781.0	13.6099998951
1883	1409266484.0	15.0
1884	1409264974.0	14.2199997902
1885	1409267644.0	24.7800002098
1886	1409267180.0	25.2199997902
1887	1409267437.0	27.4399995804
1888	1409265798.0	0.0
1889	1409267886.0	24.0
1890	1409265273.0	14.829999685299999
1891	1409266866.0	24.609999895100003
1892	1409267191.0	24.9299986362
1893	1409266854.0	24.390000104899997
1894	1409266070.0	13.0
1895	1409266895.0	24.0
1896	1409265949.0	13.0
1897	1409267848.0	24.0
1898	1409266418.0	14.6099998951
1899	1409265822.0	13.0
1900	1409265728.0	14.829999685299999
1901	1409265635.0	14.170000314700001
1902	1409266203.0	13.0
1903	1409265020.0	21.2699992657
1904	1409266064.0	13.0
1905	1409266355.0	14.9500005245
1906	1409265473.0	14.2199997902
1907	1409267039.0	24.390000104899997
1908	1409264931.0	19.7300007343
1909	1409265301.0	13.0
1910	1409265129.0	15.2199997902
1911	1409265197.0	19.7300007343
1912	1409268059.0	24.0
1913	1409264991.0	24.609999895100003
1914	1409265641.0	13.6099998951
1915	1409267184.0	25.7800002098
1916	1409265792.0	8.12000083923
1917	1409265102.0	16.900001049
1918	1409266292.0	13.0
1919	1409268262.0	24.0
1920	1409265491.0	13.3900001049
1921	1409266210.0	13.3900001049
1922	1409266678.0	14.2199997902
1923	1409265084.0	13.0
1924	1409267452.0	27.340000629400002
1925	1409267605.0	24.609999895100003
1926	1409266009.0	13.3900001049
1927	1409266130.0	13.0
1928	1409265015.0	21.2699992657
1929	1409266898.0	24.0
1930	1409266486.0	13.3900001049
1931	1409266392.0	13.0
1932	1409267092.0	25.0
1933	1409265707.0	13.0
1934	1409268165.0	24.0
1935	1409265709.0	14.9500005245
1936	1409267292.0	25.0
1937	1409265274.0	14.7800002098
1938	1409268342.0	13.0
1939	1409265939.0	13.0
1940	1409265155.0	23.829999685300002
1941	1409268178.0	24.0
1942	1409268311.0	17.2900011539
1943	1409267280.0	24.609999895100003
1944	1409267854.0	24.0
1945	1409264824.0	16.049999475499998
1946	1409266091.0	13.0
1947	1409268305.0	19.7300007343
1948	1409267128.0	23.7300007343
1949	1409267781.0	24.390000104899997
1950	1409265332.0	13.6099998951
1951	1409266942.0	24.0
1952	1409267343.0	25.390000104899997
1953	1409265316.0	13.3900001049
1954	1409267232.0	24.0
1955	1409267171.0	27.4899990559
1956	1409268217.0	16.1200008392
1957	1409266473.0	14.2199997902
1958	1409267366.0	25.0
1959	1409265325.0	13.0
1960	1409267642.0	24.609999895100003
1961	1409264918.0	13.0
1962	1409267740.0	24.390000104899997
1963	1409267828.0	24.390000104899997
1964	1409268266.0	24.0
1965	1409266381.0	13.0
1966	1409267350.0	25.2199997902
1967	1409267524.0	17.1200008392
1968	1409265511.0	13.6099998951
1969	1409264997.0	20.1200008392
1970	1409268189.0	24.0
1971	1409265040.0	21.2699992657
1972	1409265851.0	13.0
1973	1409266552.0	13.0
1974	1409266461.0	13.0
1975	1409266127.0	13.0
1976	1409267099.0	25.390000104899997
1977	1409267239.0	24.0
1978	1409268181.0	24.0
1979	1409265063.0	13.7800002098
1980	1409267440.0	24.609999895100003
1981	1409265175.0	23.609999895100003
1982	1409268149.0	24.0
1983	1409267330.0	24.609999895100003
1984	1409265138.0	17.2900011539
1985	1409266242.0	13.0
1986	1409267662.0	28.609999895100003
1987	1409266534.0	19.049999475499998
1988	1409266069.0	13.0
1989	1409267352.0	24.609999895100003
1990	1409264906.0	20.0
1991	1409265725.0	14.0
1992	1409267289.0	24.390000104899997
1993	1409268338.0	14.0
1994	1409264880.0	20.099998951
1995	1409266458.0	14.829999685299999
1996	1409267562.0	28.390000104899997
1997	1409266842.0	25.0
1998	1409266558.0	14.2199997902
1999	1409266845.0	24.7800002098
2000	1409267048.0	24.0
2001	1409265254.0	14.5600004196
2002	1409268127.0	24.0
2003	1409266465.0	14.3900001049
2004	1409266992.0	22.170000314699998
2005	1409266751.0	24.0
2006	1409265214.0	13.0
2007	1409268265.0	24.0
2008	1409266150.0	13.0
2009	1409266672.0	13.0
2010	1409265469.0	14.7800002098
2011	1409267028.0	24.390000104899997
2012	1409267242.0	24.0
2013	1409266146.0	13.3900001049
2014	1409267200.0	21.829999685300002
2015	1409267082.0	24.609999895100003
2016	1409265536.0	13.0
2017	1409266991.0	24.0
2018	1409265537.0	13.6099998951
2019	1409266450.0	14.170000314700001
2020	1409267616.0	24.390000104899997
2021	1409267015.0	24.390000104899997
2022	1409267389.0	18.950000524500002
2023	1409267083.0	25.0
2024	1409267127.0	29.170000314699998
2025	1409267810.0	19.659999370599998
2026	1409265749.0	14.7800002098
2027	1409266616.0	19.1200008392
2028	1409267260.0	24.390000104899997
2029	1409266917.0	24.0
2030	1409268197.0	24.0
2031	1409268328.0	13.6099998951
2032	1409268273.0	14.2199997902
2033	1409267420.0	20.2199997902
2034	1409267962.0	24.0
2035	1409266100.0	13.0
2036	1409265968.0	13.0
2037	1409267565.0	20.6099998951
2038	1409265668.0	15.2199997902
2039	1409265395.0	13.3900001049
2040	1409266086.0	13.0
2041	1409267246.0	24.0
2042	1409265076.0	22.170000314699998
2043	1409265212.0	13.6099998951
2044	1409265008.0	13.7800002098
2045	1409267692.0	24.0
2046	1409266955.0	24.0
2047	1409265850.0	13.0
2048	1409265938.0	13.0
2049	1409267666.0	29.2199997902
2050	1409268270.0	22.7800002098
2051	1409266804.0	21.2699992657
2052	1409267595.0	25.0
2053	1409265107.0	15.3400006294
2054	1409266921.0	24.0
2055	1409265950.0	13.0
2056	1409265223.0	13.0
2057	1409265802.0	0.0
2058	1409265077.0	16.1200008392
2059	1409267638.0	25.0
2060	1409266922.0	24.0
2061	1409266097.0	13.0
2062	1409267436.0	24.2199997902
2063	1409265166.0	24.609999895100003
2064	1409265825.0	13.6099998951
2065	1409265206.0	13.0
2066	1409266885.0	23.390000104899997
2067	1409265336.0	13.0
2068	1409267315.0	24.609999895100003
2069	1409268271.0	16.5100009441
2070	1409265497.0	13.0
2071	1409266156.0	13.0
2072	1409267625.0	25.0
2073	1409266179.0	13.0
2074	1409266572.0	13.0
2075	1409268312.0	13.0
2076	1409268089.0	24.0
2077	1409266575.0	24.0
2078	1409265831.0	13.0
2079	1409267205.0	20.2199997902
2080	1409264823.0	13.3900001049
2081	1409267561.0	26.659999370599998
2082	1409265186.0	24.609999895100003
2083	1409265190.0	24.609999895100003
2084	1409267613.0	25.0
2085	1409266522.0	13.0
2086	1409265813.0	14.0
2087	1409267550.0	18.6099998951
2088	1409265737.0	13.6099998951
2089	1409268081.0	24.0
2090	1409267690.0	24.0
2091	1409264976.0	24.390000104899997
2092	1409268000.0	24.0
2093	1409267328.0	25.0
2094	1409266849.0	24.7800002098
2095	1409267381.0	18.2199997902
2096	1409267451.0	27.099998951
2097	1409267150.0	24.609999895100003
2098	1409267193.0	23.340000629400002
2099	1409266618.0	14.2199997902
2100	1409267143.0	25.7800002098
2101	1409265510.0	13.0
2102	1409267899.0	23.609999895100003
2103	1409268261.0	24.0
2104	1409266841.0	24.609999895100003
2105	1409266006.0	13.0
2106	1409267204.0	20.1700003147
2107	1409266239.0	13.3900001049
2108	1409264944.0	13.0
2109	1409265044.0	14.829999685299999
2110	1409267101.0	25.609999895100003
2111	1409265657.0	13.0
2112	1409265961.0	13.0
2113	1409267255.0	24.0
2114	1409267467.0	26.0499994755
2115	1409267607.0	24.609999895100003
2116	1409266598.0	14.829999685299999
2117	1409267161.0	26.829999685300002
2118	1409265875.0	13.0
2119	1409267987.0	24.0
2120	1409264785.0	22.829999685300002
2121	1409268054.0	24.0
2122	1409268159.0	24.0
2123	1409268229.0	20.4899990559
2124	1409265303.0	14.829999685299999
2125	1409266023.0	13.6099998951
2126	1409267770.0	24.609999895100003
2127	1409266132.0	13.3900001049
2128	1409266343.0	14.2199997902
2129	1409266747.0	24.0
2130	1409267372.0	25.0
2131	1409267317.0	24.0
2132	1409268065.0	24.0
2133	1409266641.0	14.170000314700001
2134	1409265842.0	14.6099998951
2135	1409265587.0	13.0
2136	1409268088.0	24.0
2137	1409267603.0	25.0
2138	1409264969.0	14.6099998951
2139	1409267702.0	24.609999895100003
2140	1409267609.0	24.390000104899997
2141	1409265785.0	13.0
2142	1409265277.0	13.0
2143	1409265797.0	0.0
2144	1409266532.0	13.0
2145	1409266722.0	24.0
2146	1409264818.0	13.0
2147	1409267298.0	25.0
2148	1409267718.0	25.609999895100003
2149	1409267460.0	21.2199997902
2150	1409266755.0	24.0
2151	1409266143.0	13.0
2152	1409267530.0	20.4399995804
2153	1409267751.0	24.0
2154	1409266829.0	20.8799991608
2155	1409268004.0	24.0
2156	1409266814.0	20.8799991608
2157	1409268183.0	24.0
2158	1409266824.0	21.659999370599998
2159	1409265300.0	13.7800002098
2160	1409265991.0	13.0
2161	1409266550.0	17.900001049
2162	1409267979.0	24.0
2163	1409265060.0	20.4899990559
2164	1409267392.0	27.2199997902
2165	1409266531.0	13.0
2166	1409264860.0	20.4899990559
2167	1409265154.0	20.8299996853
2168	1409266050.0	13.0
2169	1409266803.0	19.7300007343
2170	1409264837.0	14.5600004196
2171	1409268133.0	24.0
2172	1409265577.0	13.0
2173	1409267783.0	25.390000104899997
2174	1409268077.0	24.0
2175	1409266698.0	14.829999685299999
2176	1409268231.0	24.0
2177	1409267181.0	27.829999685300002
2178	1409268276.0	19.7300007343
2179	1409266031.0	13.3900001049
2180	1409265306.0	13.6099998951
2181	1409267031.0	24.0
2182	1409268095.0	24.0
2183	1409268233.0	23.390000104899997
2184	1409267648.0	25.0
2185	1409267573.0	26.340000629400002
2186	1409267423.0	25.1200008392
2187	1409266652.0	13.3900001049
2188	1409267333.0	25.0
2189	1409268180.0	24.0
2190	1409268087.0	24.0
2191	1409267796.0	22.709998846100003
2192	1409267693.0	24.609999895100003
2193	1409266335.0	14.170000314700001
2194	1409266835.0	24.390000104899997
2195	1409266211.0	13.0
2196	1409266379.0	14.170000314700001
2197	1409266089.0	13.0
2198	1409265586.0	13.3900001049
2199	1409267169.0	21.1700003147
2200	1409267889.0	24.0
2201	1409267307.0	24.609999895100003
2202	1409266752.0	24.0
2203	1409266348.0	14.0
2204	1409267768.0	25.0
2205	1409266938.0	22.170000314699998
2206	1409265848.0	13.0
2207	1409268039.0	24.0
2208	1409265744.0	15.3900001049
2209	1409268104.0	24.0
2210	1409267119.0	25.0
2211	1409267114.0	25.390000104899997
2212	1409266169.0	13.0
2213	1409265963.0	13.0
2214	1409266725.0	24.0
2215	1409265183.0	18.5100009441
2216	1409267346.0	24.390000104899997
2217	1409265147.0	24.390000104899997
2218	1409265401.0	13.0
2219	1409266689.0	20.4899990559
2220	1409267951.0	24.0
2221	1409266221.0	13.0
2222	1409267547.0	24.2199997902
2223	1409265002.0	20.950000524500002
2224	1409267585.0	24.7800002098
2225	1409265171.0	24.0
2226	1409264865.0	20.099998951
2227	1409267377.0	25.0
2228	1409265554.0	14.170000314700001
2229	1409264972.0	17.900001049
2230	1409267035.0	24.390000104899997
2231	1409266798.0	19.7300007343
2232	1409267296.0	24.390000104899997
2233	1409265105.0	19.4899990559
2234	1409267639.0	24.390000104899997
2235	1409264861.0	20.340000629400002
2236	1409265603.0	15.2199997902
2237	1409265080.0	20.4899990559
2238	1409266738.0	20.340000629400002
2239	1409266077.0	13.0
2240	1409266881.0	23.609999895100003
2241	1409267269.0	24.390000104899997
2242	1409267168.0	24.5600004196
2243	1409266262.0	13.0
2244	1409267790.0	24.390000104899997
2245	1409267833.0	24.1200008392
2246	1409266043.0	13.0
2247	1409267509.0	25.7800002098
2248	1409267265.0	24.390000104899997
2249	1409264819.0	17.2699992657
2250	1409265172.0	24.0
2251	1409265083.0	13.0
2252	1409268057.0	24.0
2253	1409265982.0	13.3900001049
2254	1409266470.0	14.170000314700001
2255	1409266284.0	13.0
2256	1409267230.0	24.0
2257	1409266250.0	13.0
2258	1409266059.0	13.6099998951
2259	1409267342.0	25.2199997902
2260	1409265897.0	13.0
2261	1409267554.0	22.170000314699998
2262	1409266914.0	22.4399995804
2263	1409267020.0	24.390000104899997
2264	1409266205.0	13.0
2265	1409267369.0	25.0
2266	1409266590.0	19.7300007343
2267	1409267125.0	24.0499994755
2268	1409265754.0	14.3900001049
2269	1409265287.0	13.0
2270	1409267046.0	24.0
2271	1409266982.0	14.5600004196
2272	1409265263.0	14.2199997902
2273	1409265789.0	13.6099998951
2274	1409267425.0	20.8299996853
2275	1409265485.0	13.0
2276	1409265196.0	24.0
2277	1409266850.0	23.390000104899997
2278	1409266496.0	13.0
2279	1409266090.0	13.0
2280	1409267618.0	25.0
2281	1409266313.0	13.6099998951
2282	1409265801.0	0.0
2283	1409266734.0	24.390000104899997
2284	1409267720.0	25.2199997902
2285	1409267287.0	25.0
2286	1409267250.0	24.390000104899997
2287	1409265633.0	14.829999685299999
2288	1409267726.0	25.2199997902
2289	1409267863.0	23.390000104899997
2290	1409265559.0	14.170000314700001
2291	1409266658.0	14.829999685299999
2292	1409265056.0	23.170000314699998
2293	1409265123.0	16.7300007343
2294	1409266662.0	13.0
2295	1409267628.0	25.609999895100003
2296	1409267994.0	24.0
2297	1409266226.0	13.0
2298	1409265832.0	13.0
2299	1409266469.0	15.6099998951
2300	1409268155.0	24.0
2301	1409266667.0	13.0
2302	1409265009.0	15.4399995804
2303	1409267454.0	20.7800002098
2304	1409265594.0	14.170000314700001
2305	1409267989.0	23.609999895100003
2306	1409267793.0	24.609999895100003
2307	1409265176.0	24.0
2308	1409266605.0	24.0
2309	1409267327.0	25.0
2310	1409265461.0	13.6099998951
2311	1409266790.0	24.0
2312	1409266594.0	20.4899990559
2313	1409266360.0	14.5600004196
2314	1409265144.0	17.049999475499998
2315	1409268017.0	24.0
2316	1409265562.0	13.6099998951
2317	1409265438.0	14.2199997902
2318	1409266948.0	22.170000314699998
2319	1409266559.0	20.4899990559
2320	1409265295.0	14.170000314700001
2321	1409268032.0	24.0
2322	1409267601.0	23.609999895100003
2323	1409267113.0	26.0
2324	1409265690.0	16.5100009441
2325	1409268256.0	24.0
2326	1409267843.0	23.609999895100003
2327	1409265189.0	21.659999370599998
2328	1409264873.0	13.6099998951
2329	1409268234.0	23.609999895100003
2330	1409265521.0	13.0
2331	1409267061.0	24.0
2332	1409268302.0	17.900001049
2333	1409265490.0	13.6099998951
2334	1409265098.0	13.0
2335	1409267672.0	28.390000104899997
2336	1409267572.0	29.2199997902
2337	1409267084.0	24.390000104899997
2338	1409265350.0	14.5600004196
2339	1409266036.0	13.0
2340	1409264947.0	18.2900011539
2341	1409265371.0	13.0
2342	1409264877.0	13.7800002098
2343	1409267732.0	24.609999895100003
2344	1409266354.0	17.2199997902
2345	1409265443.0	14.829999685299999
2346	1409266139.0	13.0
2347	1409267928.0	24.0
2348	1409265237.0	13.6099998951
2349	1409267388.0	24.340000629400002
2350	1409265496.0	13.0
2351	1409264943.0	13.0
2352	1409267687.0	24.0
2353	1409266477.0	13.6099998951
2354	1409267213.0	26.9500005245
2355	1409266157.0	13.0
2356	1409264890.0	19.4899990559
2357	1409268370.0	24.0
2358	1409268369.0	20.4899990559
2359	1409266189.0	13.0
2360	1409267945.0	24.0
2361	1409266294.0	16.2199997902
2362	1409265659.0	15.7800002098
2363	1409264919.0	13.6099998951
2364	1409267544.0	24.390000104899997
2365	1409266822.0	24.0
2366	1409266585.0	24.0
2367	1409267018.0	24.609999895100003
2368	1409267708.0	25.0
2369	1409267580.0	24.390000104899997
2370	1409267395.0	18.6099998951
2371	1409267540.0	24.0
2372	1409267172.0	30.390000104899997
2373	1409266564.0	20.8799991608
2374	1409265544.0	14.3900001049
2375	1409267970.0	24.0
2376	1409267368.0	25.0
2377	1409267044.0	24.390000104899997
2378	1409265252.0	13.0
2379	1409265733.0	14.829999685299999
2380	1409265545.0	13.3900001049
2381	1409267498.0	25.170000314699998
2382	1409265128.0	17.900001049
2383	1409266568.0	14.829999685299999
2384	1409265978.0	13.0
2385	1409265547.0	13.0
2386	1409265068.0	13.3900001049
2387	1409268245.0	24.0
2388	1409267932.0	24.0
2389	1409267335.0	25.0
2390	1409268051.0	24.0
2391	1409267990.0	24.0
2392	1409267621.0	25.0
2393	1409267429.0	19.340000629400002
2394	1409267525.0	17.659999370599998
2395	1409266675.0	15.3400006294
2396	1409266728.0	24.0
2397	1409267915.0	24.0
2398	1409266669.0	19.8799991608
2399	1409266890.0	24.0
2400	1409267458.0	24.1200008392
2401	1409266186.0	13.0
2402	1409265140.0	22.0499994755
2403	1409265161.0	24.390000104899997
2404	1409267559.0	20.5600004196
2405	1409267938.0	23.390000104899997
2406	1409268218.0	14.2199997902
2407	1409266517.0	13.6099998951
2408	1409267931.0	24.0
2409	1409266081.0	13.6099998951
2410	1409265861.0	13.0
2411	1409267112.0	26.0
2412	1409265722.0	13.6099998951
2413	1409267351.0	24.7800002098
2414	1409264788.0	14.9500005245
2415	1409267324.0	24.7800002098
2416	1409265494.0	13.7800002098
2417	1409267500.0	19.4399995804
2418	1409266690.0	23.390000104899997
2419	1409264977.0	17.900001049
2420	1409265314.0	13.3900001049
2421	1409266428.0	14.829999685299999
2422	1409268109.0	24.0
2423	1409267494.0	19.340000629400002
2424	1409267633.0	24.390000104899997
2425	1409267834.0	19.1700003147
2426	1409265257.0	13.0
2427	1409267057.0	24.0
2428	1409264934.0	13.3900001049
2429	1409265385.0	15.7300007343
2430	1409267270.0	24.609999895100003
2431	1409264983.0	13.7800002098
2432	1409267088.0	25.0
2433	1409267896.0	24.0
2434	1409268018.0	24.0
2435	1409268212.0	22.170000314699998
2436	1409265227.0	13.0
2437	1409265956.0	13.0
2438	1409267050.0	24.0
2439	1409267367.0	25.0
2440	1409268046.0	24.0
2441	1409268135.0	24.0
2442	1409268339.0	20.099998951
2443	1409265095.0	20.099998951
2444	1409267773.0	25.609999895100003
2445	1409265703.0	15.4399995804
2446	1409265955.0	13.0
2447	1409266792.0	24.0
2448	1409266206.0	13.0
2449	1409265774.0	13.7800002098
2450	1409266603.0	14.829999685299999
2451	1409265412.0	13.6099998951
2452	1409265784.0	13.7800002098
2453	1409266889.0	23.609999895100003
2454	1409266924.0	22.0499994755
2455	1409265620.0	13.6099998951
2456	1409265896.0	13.0
2457	1409267936.0	24.0
2458	1409265198.0	14.5600004196
2459	1409266296.0	13.0
2460	1409265285.0	14.0
2461	1409266409.0	14.7800002098
2462	1409267688.0	24.609999895100003
2463	1409268132.0	24.0
2464	1409265993.0	13.0
2465	1409265384.0	18.8299996853
2466	1409267211.0	27.829999685300002
2467	1409266783.0	24.0
2468	1409266247.0	13.0
2469	1409267964.0	24.0
2470	1409267835.0	19.8299996853
2471	1409266480.0	15.9500005245
2472	1409267455.0	22.4399995804
2473	1409267643.0	25.609999895100003
2474	1409266380.0	13.0
2475	1409267583.0	24.390000104899997
2476	1409267871.0	24.0
2477	1409268329.0	20.099998951
2478	1409266251.0	13.0
2479	1409265506.0	13.0
2480	1409267155.0	19.7300007343
2481	1409265061.0	24.0
2482	1409267949.0	24.0
2483	1409266560.0	20.950000524500002
2484	1409266084.0	13.0
2485	1409266943.0	22.7800002098
2486	1409267006.0	24.0
2487	1409267792.0	24.0
2488	1409266168.0	13.0
2489	1409266483.0	14.2199997902
2490	1409268079.0	24.0
2491	1409267008.0	23.390000104899997
2492	1409267805.0	17.8299996853
2493	1409265136.0	24.390000104899997
2494	1409265584.0	13.7800002098
2495	1409265619.0	14.170000314700001
2496	1409267209.0	22.7800002098
2497	1409267482.0	28.390000104899997
2498	1409266535.0	16.1200008392
2499	1409265655.0	13.3900001049
2500	1409266602.0	13.0
2501	1409268162.0	24.0
2502	1409268172.0	24.0
2503	1409267096.0	25.0
2504	1409265888.0	13.0
2505	1409266390.0	13.7800002098
2506	1409266808.0	18.950000524500002
2507	1409267438.0	27.170000314699998
2508	1409266716.0	24.0
2509	1409266010.0	13.0
2510	1409266274.0	13.6099998951
2511	1409266306.0	13.0
2512	1409265208.0	5.34000062943
2513	1409264838.0	13.6099998951
2514	1409264864.0	13.6099998951
2515	1409268296.0	23.609999895100003
2516	1409266087.0	13.6099998951
2517	1409267361.0	24.609999895100003
2518	1409267906.0	24.0
2519	1409266254.0	13.0
